<?xml version="1.0"?>
<!--
/**
 * Magento
 *
 * NOTICE OF LICENSE
 *
 * This source file is subject to the Academic Free License (AFL 3.0)
 * that is bundled with this package in the file LICENSE_AFL.txt.
 * It is also available through the world-wide-web at this URL:
 * http://opensource.org/licenses/afl-3.0.php
 * If you did not receive a copy of the license and are unable to
 * obtain it through the world-wide-web, please send an email
 * to license@magentocommerce.com so we can send you a copy immediately.
 *
 * DISCLAIMER
 *
 * Do not edit or add to this file if you wish to upgrade Magento to newer
 * versions in the future. If you wish to customize Magento for your
 * needs please refer to http://www.magentocommerce.com for more information.
 *
 * @category   Mage
 * @package    Mage_Core
 * @copyright  Copyright (c) 2008 Irubin Consulting Inc. DBA Varien (http://www.varien.com)
 * @license    http://opensource.org/licenses/afl-3.0.php  Academic Free License (AFL 3.0)
 */
-->
<config>
    <global>
        <install>
            <date><![CDATA[Sat, 16 May 2015 12:19:41 +0600]]></date>
        </install>
        <crypt>
            <key><![CDATA[geyzvytrynajofzswo81jeppspxhduog]]></key>
        </crypt>
        <disable_local_modules>false</disable_local_modules>
        <resources>
            <db>
                <table_prefix><![CDATA[mhk_]]></table_prefix>
            </db>
            <default_setup>
                <connection>
                    <host><![CDATA[localhost]]></host>
                    <username><![CDATA[officerj_mage558]]></username>
                    <password><![CDATA[d4.n]5S82P]]></password>
                    <dbname><![CDATA[officerj_mage558]]></dbname>
                    <initStatements><![CDATA[SET NAMES utf8]]></initStatements>
                    <model><![CDATA[mysql4]]></model>
                    <type><![CDATA[pdo_mysql]]></type>
                    <pdoType><![CDATA[]]></pdoType>
                    <active>1</active>
                </connection>
            </default_setup>
        </resources>
        <session_save><![CDATA[db]]></session_save>
    </global>
    <admin>
        <routers>
            <adminhtml>
                <args>
                    <frontName><![CDATA[admin]]></frontName>
                </args>
            </adminhtml>
        </routers>
    </admin>
</config>
